CodigoEstacion,NombreEstacion,Variable,Parametro,Fecha,Unidad,Valor,NivelAprobacion
44135010,ARARACUARA [44135010],PRECIPITACION,Precipitacion total mensual,1/01/2018 0:00,mm,241.3,Definitivo
44135010,ARARACUARA [44135010],PRECIPITACION,Precipitacion total mensual,1/02/2018 0:00,mm,62.1,Definitivo
44135010,ARARACUARA [44135010],PRECIPITACION,Precipitacion total mensual,1/03/2018 0:00,mm,356.6,Definitivo
44135010,ARARACUARA [44135010],PRECIPITACION,Precipitacion total mensual,1/04/2018 0:00,mm,394.4,Definitivo
44135010,ARARACUARA [44135010],PRECIPITACION,Precipitacion total mensual,1/05/2018 0:00,mm,483.8,Definitivo
44135010,ARARACUARA [44135010],PRECIPITACION,Precipitacion total mensual,1/06/2018 0:00,mm,228.3,Definitivo
44135010,ARARACUARA [44135010],PRECIPITACION,Precipitacion total mensual,1/07/2018 0:00,mm,322,Definitivo
44135010,ARARACUARA [44135010],PRECIPITACION,Precipitacion total mensual,1/08/2018 0:00,mm,163.7,Definitivo
44135010,ARARACUARA [44135010],PRECIPITACION,Precipitacion total mensual,1/09/2018 0:00,mm,265.4,Definitivo
44135010,ARARACUARA [44135010],PRECIPITACION,Precipitacion total mensual,1/10/2018 0:00,mm,307.2,Definitivo
44135010,ARARACUARA [44135010],PRECIPITACION,Precipitacion total mensual,1/11/2018 0:00,mm,301.9,Definitivo
44135010,ARARACUARA [44135010],PRECIPITACION,Precipitacion total mensual,1/12/2018 0:00,mm,290.1,Definitivo
44135010,ARARACUARA [44135010],PRECIPITACION,Precipitacion total mensual,1/01/2019 0:00,mm,305.5,Definitivo
44135010,ARARACUARA [44135010],PRECIPITACION,Precipitacion total mensual,1/02/2019 0:00,mm,252.4,Definitivo
44135010,ARARACUARA [44135010],PRECIPITACION,Precipitacion total mensual,1/03/2019 0:00,mm,483.4,Definitivo
44135010,ARARACUARA [44135010],PRECIPITACION,Precipitacion total mensual,1/04/2019 0:00,mm,293,Definitivo
44135010,ARARACUARA [44135010],PRECIPITACION,Precipitacion total mensual,1/05/2019 0:00,mm,323,Definitivo
44135010,ARARACUARA [44135010],PRECIPITACION,Precipitacion total mensual,1/06/2019 0:00,mm,389.6,Definitivo
44135010,ARARACUARA [44135010],PRECIPITACION,Precipitacion total mensual,1/07/2019 0:00,mm,344.2,Definitivo
44135010,ARARACUARA [44135010],PRECIPITACION,Precipitacion total mensual,1/08/2019 0:00,mm,185.7,Definitivo
44135010,ARARACUARA [44135010],PRECIPITACION,Precipitacion total mensual,1/09/2019 0:00,mm,328.6,Definitivo
44135010,ARARACUARA [44135010],PRECIPITACION,Precipitacion total mensual,1/10/2019 0:00,mm,202.5,Definitivo
44135010,ARARACUARA [44135010],PRECIPITACION,Precipitacion total mensual,1/11/2019 0:00,mm,294.3,Definitivo
44135010,ARARACUARA [44135010],PRECIPITACION,Precipitacion total mensual,1/12/2019 0:00,mm,225.4,Definitivo
44135010,ARARACUARA [44135010],PRECIPITACION,Precipitacion total mensual,1/01/2020 0:00,mm,181.3,Definitivo
44135010,ARARACUARA [44135010],PRECIPITACION,Precipitacion total mensual,1/02/2020 0:00,mm,234.5,Definitivo
44135010,ARARACUARA [44135010],PRECIPITACION,Precipitacion total mensual,1/03/2020 0:00,mm,321.5,Definitivo
44135010,ARARACUARA [44135010],PRECIPITACION,Precipitacion total mensual,1/04/2020 0:00,mm,197.5,Definitivo
44135010,ARARACUARA [44135010],PRECIPITACION,Precipitacion total mensual,1/05/2020 0:00,mm,415.5,Definitivo
44135010,ARARACUARA [44135010],PRECIPITACION,Precipitacion total mensual,1/06/2020 0:00,mm,488.1,Definitivo
44135010,ARARACUARA [44135010],PRECIPITACION,Precipitacion total mensual,1/07/2020 0:00,mm,445.3,Definitivo
44135010,ARARACUARA [44135010],PRECIPITACION,Precipitacion total mensual,1/08/2020 0:00,mm,162.1,Definitivo
44135010,ARARACUARA [44135010],PRECIPITACION,Precipitacion total mensual,1/09/2020 0:00,mm,388.3,Definitivo
44135010,ARARACUARA [44135010],PRECIPITACION,Precipitacion total mensual,1/10/2020 0:00,mm,165.2,Definitivo
44135010,ARARACUARA [44135010],PRECIPITACION,Precipitacion total mensual,1/11/2020 0:00,mm,185.5,Definitivo
44135010,ARARACUARA [44135010],PRECIPITACION,Precipitacion total mensual,1/01/2021 0:00,mm,164.9,Definitivo
44135010,ARARACUARA [44135010],PRECIPITACION,Precipitacion total mensual,1/02/2021 0:00,mm,271.8,Definitivo
44135010,ARARACUARA [44135010],PRECIPITACION,Precipitacion total mensual,1/03/2021 0:00,mm,488.2,Definitivo
44135010,ARARACUARA [44135010],PRECIPITACION,Precipitacion total mensual,1/04/2021 0:00,mm,350.8,Definitivo
44135010,ARARACUARA [44135010],PRECIPITACION,Precipitacion total mensual,1/05/2021 0:00,mm,603.7,Definitivo
44135010,ARARACUARA [44135010],PRECIPITACION,Precipitacion total mensual,1/06/2021 0:00,mm,260.6,Definitivo
44135010,ARARACUARA [44135010],PRECIPITACION,Precipitacion total mensual,1/07/2021 0:00,mm,370.1,Definitivo
44135010,ARARACUARA [44135010],PRECIPITACION,Precipitacion total mensual,1/08/2021 0:00,mm,127.3,Definitivo
44135010,ARARACUARA [44135010],PRECIPITACION,Precipitacion total mensual,1/09/2021 0:00,mm,358.4,Definitivo
44135010,ARARACUARA [44135010],PRECIPITACION,Precipitacion total mensual,1/10/2021 0:00,mm,193.8,Definitivo
44135010,ARARACUARA [44135010],PRECIPITACION,Precipitacion total mensual,1/11/2021 0:00,mm,150.6,Definitivo
44135010,ARARACUARA [44135010],PRECIPITACION,Precipitacion total mensual,1/12/2021 0:00,mm,227.2,Definitivo
44135010,ARARACUARA [44135010],PRECIPITACION,Precipitacion total mensual,1/01/2022 0:00,mm,138.3,Definitivo
44135010,ARARACUARA [44135010],PRECIPITACION,Precipitacion total mensual,1/02/2022 0:00,mm,312.6,Definitivo
44135010,ARARACUARA [44135010],PRECIPITACION,Precipitacion total mensual,1/03/2022 0:00,mm,229.7,Definitivo
44135010,ARARACUARA [44135010],PRECIPITACION,Precipitacion total mensual,1/04/2022 0:00,mm,419.9,Definitivo
44135010,ARARACUARA [44135010],PRECIPITACION,Precipitacion total mensual,1/05/2022 0:00,mm,443.8,Definitivo
44135010,ARARACUARA [44135010],PRECIPITACION,Precipitacion total mensual,1/06/2022 0:00,mm,225.6,Definitivo
44135010,ARARACUARA [44135010],PRECIPITACION,Precipitacion total mensual,1/07/2022 0:00,mm,329.1,Definitivo
44135010,ARARACUARA [44135010],PRECIPITACION,Precipitacion total mensual,1/08/2022 0:00,mm,278.9,Definitivo
44135010,ARARACUARA [44135010],PRECIPITACION,Precipitacion total mensual,1/09/2022 0:00,mm,234.8,Definitivo
44135010,ARARACUARA [44135010],PRECIPITACION,Precipitacion total mensual,1/10/2022 0:00,mm,183.3,Definitivo
44135010,ARARACUARA [44135010],PRECIPITACION,Precipitacion total mensual,1/11/2022 0:00,mm,196.5,Definitivo
44135010,ARARACUARA [44135010],PRECIPITACION,Precipitacion total mensual,1/12/2022 0:00,mm,116.9,Definitivo
44135010,ARARACUARA [44135010],PRECIPITACION,Precipitacion total mensual,1/01/2023 0:00,mm,118.9,Definitivo
44135010,ARARACUARA [44135010],PRECIPITACION,Precipitacion total mensual,1/02/2023 0:00,mm,170.3,Definitivo
44135010,ARARACUARA [44135010],PRECIPITACION,Precipitacion total mensual,1/03/2023 0:00,mm,264.3,Definitivo
44135010,ARARACUARA [44135010],PRECIPITACION,Precipitacion total mensual,1/04/2023 0:00,mm,236.2,Definitivo
44135010,ARARACUARA [44135010],PRECIPITACION,Precipitacion total mensual,1/05/2023 0:00,mm,231.2,Definitivo
44135010,ARARACUARA [44135010],PRECIPITACION,Precipitacion total mensual,1/06/2023 0:00,mm,210.4,Definitivo
44135010,ARARACUARA [44135010],PRECIPITACION,Precipitacion total mensual,1/07/2023 0:00,mm,323.2,Definitivo
44135010,ARARACUARA [44135010],PRECIPITACION,Precipitacion total mensual,1/08/2023 0:00,mm,158.6,Definitivo
44135010,ARARACUARA [44135010],PRECIPITACION,Precipitacion total mensual,1/09/2023 0:00,mm,185.2,Definitivo
44135010,ARARACUARA [44135010],PRECIPITACION,Precipitacion total mensual,1/10/2023 0:00,mm,174.9,Definitivo
44135010,ARARACUARA [44135010],PRECIPITACION,Precipitacion total mensual,1/11/2023 0:00,mm,259.3,Definitivo
44135010,ARARACUARA [44135010],PRECIPITACION,Precipitacion total mensual,1/12/2023 0:00,mm,359.7,Definitivo
44040020,BELEN DE ANDAQUIES [44040020],PRECIPITACION,Precipitacion total mensual,1/01/2018 0:00,mm,176,Definitivo
44040020,BELEN DE ANDAQUIES [44040020],PRECIPITACION,Precipitacion total mensual,1/02/2018 0:00,mm,26,Definitivo
44040020,BELEN DE ANDAQUIES [44040020],PRECIPITACION,Precipitacion total mensual,1/03/2018 0:00,mm,402,Definitivo
44040020,BELEN DE ANDAQUIES [44040020],PRECIPITACION,Precipitacion total mensual,1/04/2018 0:00,mm,590,Definitivo
44040020,BELEN DE ANDAQUIES [44040020],PRECIPITACION,Precipitacion total mensual,1/05/2018 0:00,mm,469,Definitivo
44040020,BELEN DE ANDAQUIES [44040020],PRECIPITACION,Precipitacion total mensual,1/06/2018 0:00,mm,486,Definitivo
44040020,BELEN DE ANDAQUIES [44040020],PRECIPITACION,Precipitacion total mensual,1/07/2018 0:00,mm,258,Definitivo
44040020,BELEN DE ANDAQUIES [44040020],PRECIPITACION,Precipitacion total mensual,1/08/2018 0:00,mm,238,Definitivo
44040020,BELEN DE ANDAQUIES [44040020],PRECIPITACION,Precipitacion total mensual,1/09/2018 0:00,mm,179,Definitivo
44040020,BELEN DE ANDAQUIES [44040020],PRECIPITACION,Precipitacion total mensual,1/10/2018 0:00,mm,393,Definitivo
44040020,BELEN DE ANDAQUIES [44040020],PRECIPITACION,Precipitacion total mensual,1/11/2018 0:00,mm,496,Definitivo
44040020,BELEN DE ANDAQUIES [44040020],PRECIPITACION,Precipitacion total mensual,1/12/2018 0:00,mm,128,Definitivo
44040020,BELEN DE ANDAQUIES [44040020],PRECIPITACION,Precipitacion total mensual,1/01/2019 0:00,mm,360,Definitivo
44040020,BELEN DE ANDAQUIES [44040020],PRECIPITACION,Precipitacion total mensual,1/02/2019 0:00,mm,141,Definitivo
44040020,BELEN DE ANDAQUIES [44040020],PRECIPITACION,Precipitacion total mensual,1/03/2019 0:00,mm,466,Definitivo
44040020,BELEN DE ANDAQUIES [44040020],PRECIPITACION,Precipitacion total mensual,1/04/2019 0:00,mm,377,Definitivo
44040020,BELEN DE ANDAQUIES [44040020],PRECIPITACION,Precipitacion total mensual,1/05/2019 0:00,mm,527,Definitivo
44040020,BELEN DE ANDAQUIES [44040020],PRECIPITACION,Precipitacion total mensual,1/06/2019 0:00,mm,393,Definitivo
44040020,BELEN DE ANDAQUIES [44040020],PRECIPITACION,Precipitacion total mensual,1/07/2019 0:00,mm,461,Definitivo
44040020,BELEN DE ANDAQUIES [44040020],PRECIPITACION,Precipitacion total mensual,1/08/2019 0:00,mm,197,Definitivo
44040020,BELEN DE ANDAQUIES [44040020],PRECIPITACION,Precipitacion total mensual,1/09/2019 0:00,mm,307,Definitivo
44040020,BELEN DE ANDAQUIES [44040020],PRECIPITACION,Precipitacion total mensual,1/10/2019 0:00,mm,271,Definitivo
44040020,BELEN DE ANDAQUIES [44040020],PRECIPITACION,Precipitacion total mensual,1/11/2019 0:00,mm,248,Definitivo
44040020,BELEN DE ANDAQUIES [44040020],PRECIPITACION,Precipitacion total mensual,1/12/2019 0:00,mm,292,Definitivo
44040020,BELEN DE ANDAQUIES [44040020],PRECIPITACION,Precipitacion total mensual,1/01/2020 0:00,mm,110,Definitivo
44040020,BELEN DE ANDAQUIES [44040020],PRECIPITACION,Precipitacion total mensual,1/02/2020 0:00,mm,207,Definitivo
44040020,BELEN DE ANDAQUIES [44040020],PRECIPITACION,Precipitacion total mensual,1/03/2020 0:00,mm,252,Definitivo
44040020,BELEN DE ANDAQUIES [44040020],PRECIPITACION,Precipitacion total mensual,1/04/2020 0:00,mm,324,Definitivo
44040020,BELEN DE ANDAQUIES [44040020],PRECIPITACION,Precipitacion total mensual,1/05/2020 0:00,mm,413,Definitivo
44040020,BELEN DE ANDAQUIES [44040020],PRECIPITACION,Precipitacion total mensual,1/06/2020 0:00,mm,319,Definitivo
44040020,BELEN DE ANDAQUIES [44040020],PRECIPITACION,Precipitacion total mensual,1/07/2020 0:00,mm,316,Definitivo
44040020,BELEN DE ANDAQUIES [44040020],PRECIPITACION,Precipitacion total mensual,1/08/2020 0:00,mm,178,Definitivo
44040020,BELEN DE ANDAQUIES [44040020],PRECIPITACION,Precipitacion total mensual,1/09/2020 0:00,mm,177,Definitivo
44040020,BELEN DE ANDAQUIES [44040020],PRECIPITACION,Precipitacion total mensual,1/10/2020 0:00,mm,234,Definitivo
44040020,BELEN DE ANDAQUIES [44040020],PRECIPITACION,Precipitacion total mensual,1/11/2020 0:00,mm,160,Definitivo
44040020,BELEN DE ANDAQUIES [44040020],PRECIPITACION,Precipitacion total mensual,1/12/2020 0:00,mm,288,Definitivo
44040020,BELEN DE ANDAQUIES [44040020],PRECIPITACION,Precipitacion total mensual,1/01/2021 0:00,mm,220,Definitivo
44040020,BELEN DE ANDAQUIES [44040020],PRECIPITACION,Precipitacion total mensual,1/02/2021 0:00,mm,201,Definitivo
44040020,BELEN DE ANDAQUIES [44040020],PRECIPITACION,Precipitacion total mensual,1/03/2021 0:00,mm,273,Definitivo
44040020,BELEN DE ANDAQUIES [44040020],PRECIPITACION,Precipitacion total mensual,1/04/2021 0:00,mm,353,Definitivo
44040020,BELEN DE ANDAQUIES [44040020],PRECIPITACION,Precipitacion total mensual,1/05/2021 0:00,mm,299,Definitivo
44040020,BELEN DE ANDAQUIES [44040020],PRECIPITACION,Precipitacion total mensual,1/06/2021 0:00,mm,259,Definitivo
44040020,BELEN DE ANDAQUIES [44040020],PRECIPITACION,Precipitacion total mensual,1/07/2021 0:00,mm,437,Definitivo
44040020,BELEN DE ANDAQUIES [44040020],PRECIPITACION,Precipitacion total mensual,1/08/2021 0:00,mm,151,Definitivo
44040020,BELEN DE ANDAQUIES [44040020],PRECIPITACION,Precipitacion total mensual,1/09/2021 0:00,mm,199,Definitivo
44040020,BELEN DE ANDAQUIES [44040020],PRECIPITACION,Precipitacion total mensual,1/10/2021 0:00,mm,268,Definitivo
44040020,BELEN DE ANDAQUIES [44040020],PRECIPITACION,Precipitacion total mensual,1/11/2021 0:00,mm,206,Definitivo
44040020,BELEN DE ANDAQUIES [44040020],PRECIPITACION,Precipitacion total mensual,1/12/2021 0:00,mm,142,Definitivo
44040020,BELEN DE ANDAQUIES [44040020],PRECIPITACION,Precipitacion total mensual,1/01/2022 0:00,mm,109,Definitivo
44040020,BELEN DE ANDAQUIES [44040020],PRECIPITACION,Precipitacion total mensual,1/02/2022 0:00,mm,186,Definitivo
44040020,BELEN DE ANDAQUIES [44040020],PRECIPITACION,Precipitacion total mensual,1/03/2022 0:00,mm,265,Definitivo
44040020,BELEN DE ANDAQUIES [44040020],PRECIPITACION,Precipitacion total mensual,1/04/2022 0:00,mm,262,Definitivo
44040020,BELEN DE ANDAQUIES [44040020],PRECIPITACION,Precipitacion total mensual,1/05/2022 0:00,mm,400,Definitivo
44040020,BELEN DE ANDAQUIES [44040020],PRECIPITACION,Precipitacion total mensual,1/06/2022 0:00,mm,187,Definitivo
44040020,BELEN DE ANDAQUIES [44040020],PRECIPITACION,Precipitacion total mensual,1/07/2022 0:00,mm,264,Definitivo
44040020,BELEN DE ANDAQUIES [44040020],PRECIPITACION,Precipitacion total mensual,1/08/2022 0:00,mm,194,Definitivo
44040020,BELEN DE ANDAQUIES [44040020],PRECIPITACION,Precipitacion total mensual,1/09/2022 0:00,mm,167,Definitivo
44040020,BELEN DE ANDAQUIES [44040020],PRECIPITACION,Precipitacion total mensual,1/10/2022 0:00,mm,304,Definitivo
44040020,BELEN DE ANDAQUIES [44040020],PRECIPITACION,Precipitacion total mensual,1/11/2022 0:00,mm,176,Definitivo
44040020,BELEN DE ANDAQUIES [44040020],PRECIPITACION,Precipitacion total mensual,1/12/2022 0:00,mm,133,Definitivo
44040020,BELEN DE ANDAQUIES [44040020],PRECIPITACION,Precipitacion total mensual,1/01/2023 0:00,mm,280,Definitivo
44040020,BELEN DE ANDAQUIES [44040020],PRECIPITACION,Precipitacion total mensual,1/02/2023 0:00,mm,146,Definitivo
44040020,BELEN DE ANDAQUIES [44040020],PRECIPITACION,Precipitacion total mensual,1/03/2023 0:00,mm,402,Definitivo
44040020,BELEN DE ANDAQUIES [44040020],PRECIPITACION,Precipitacion total mensual,1/04/2023 0:00,mm,271,Definitivo
44040020,BELEN DE ANDAQUIES [44040020],PRECIPITACION,Precipitacion total mensual,1/05/2023 0:00,mm,314,Definitivo
44040020,BELEN DE ANDAQUIES [44040020],PRECIPITACION,Precipitacion total mensual,1/06/2023 0:00,mm,289,Definitivo
44040020,BELEN DE ANDAQUIES [44040020],PRECIPITACION,Precipitacion total mensual,1/07/2023 0:00,mm,199,Definitivo
44040020,BELEN DE ANDAQUIES [44040020],PRECIPITACION,Precipitacion total mensual,1/08/2023 0:00,mm,290,Definitivo
44040020,BELEN DE ANDAQUIES [44040020],PRECIPITACION,Precipitacion total mensual,1/09/2023 0:00,mm,229,Definitivo
44040020,BELEN DE ANDAQUIES [44040020],PRECIPITACION,Precipitacion total mensual,1/10/2023 0:00,mm,214,Definitivo
44040020,BELEN DE ANDAQUIES [44040020],PRECIPITACION,Precipitacion total mensual,1/11/2023 0:00,mm,407,Definitivo
44040020,BELEN DE ANDAQUIES [44040020],PRECIPITACION,Precipitacion total mensual,1/12/2023 0:00,mm,295,Definitivo
46040010,CARTAGENA D CHAIRA [46040010],PRECIPITACION,Precipitacion total mensual,1/01/2018 0:00,mm,174,Preliminar
46040010,CARTAGENA D CHAIRA [46040010],PRECIPITACION,Precipitacion total mensual,1/02/2018 0:00,mm,30,Preliminar
46040010,CARTAGENA D CHAIRA [46040010],PRECIPITACION,Precipitacion total mensual,1/03/2018 0:00,mm,444,Preliminar
46040010,CARTAGENA D CHAIRA [46040010],PRECIPITACION,Precipitacion total mensual,1/04/2018 0:00,mm,292,Preliminar
46040010,CARTAGENA D CHAIRA [46040010],PRECIPITACION,Precipitacion total mensual,1/05/2018 0:00,mm,491,Preliminar
46040010,CARTAGENA D CHAIRA [46040010],PRECIPITACION,Precipitacion total mensual,1/06/2018 0:00,mm,409,Preliminar
46040010,CARTAGENA D CHAIRA [46040010],PRECIPITACION,Precipitacion total mensual,1/07/2018 0:00,mm,287,Preliminar
46040010,CARTAGENA D CHAIRA [46040010],PRECIPITACION,Precipitacion total mensual,1/08/2018 0:00,mm,217,Preliminar
46040010,CARTAGENA D CHAIRA [46040010],PRECIPITACION,Precipitacion total mensual,1/09/2018 0:00,mm,79,Preliminar
46040010,CARTAGENA D CHAIRA [46040010],PRECIPITACION,Precipitacion total mensual,1/11/2018 0:00,mm,70,Preliminar
46040010,CARTAGENA D CHAIRA [46040010],PRECIPITACION,Precipitacion total mensual,1/12/2018 0:00,mm,50,Preliminar
46040010,CARTAGENA D CHAIRA [46040010],PRECIPITACION,Precipitacion total mensual,1/01/2019 0:00,mm,115,Preliminar
46040010,CARTAGENA D CHAIRA [46040010],PRECIPITACION,Precipitacion total mensual,1/02/2019 0:00,mm,96,Preliminar
46040010,CARTAGENA D CHAIRA [46040010],PRECIPITACION,Precipitacion total mensual,1/03/2019 0:00,mm,165,Preliminar
46040010,CARTAGENA D CHAIRA [46040010],PRECIPITACION,Precipitacion total mensual,1/04/2019 0:00,mm,351,Preliminar
46040010,CARTAGENA D CHAIRA [46040010],PRECIPITACION,Precipitacion total mensual,1/05/2019 0:00,mm,384,Preliminar
46040010,CARTAGENA D CHAIRA [46040010],PRECIPITACION,Precipitacion total mensual,1/06/2019 0:00,mm,539,Preliminar
46040010,CARTAGENA D CHAIRA [46040010],PRECIPITACION,Precipitacion total mensual,1/07/2019 0:00,mm,310,Preliminar
46040010,CARTAGENA D CHAIRA [46040010],PRECIPITACION,Precipitacion total mensual,1/08/2019 0:00,mm,136,Preliminar
46040010,CARTAGENA D CHAIRA [46040010],PRECIPITACION,Precipitacion total mensual,1/09/2019 0:00,mm,169,Preliminar
46040010,CARTAGENA D CHAIRA [46040010],PRECIPITACION,Precipitacion total mensual,1/10/2019 0:00,mm,315,Preliminar
46040010,CARTAGENA D CHAIRA [46040010],PRECIPITACION,Precipitacion total mensual,1/11/2019 0:00,mm,374,Preliminar
46040010,CARTAGENA D CHAIRA [46040010],PRECIPITACION,Precipitacion total mensual,1/12/2019 0:00,mm,149,Preliminar
46040010,CARTAGENA D CHAIRA [46040010],PRECIPITACION,Precipitacion total mensual,1/01/2020 0:00,mm,161,Preliminar
46040010,CARTAGENA D CHAIRA [46040010],PRECIPITACION,Precipitacion total mensual,1/02/2020 0:00,mm,200,Preliminar
46040010,CARTAGENA D CHAIRA [46040010],PRECIPITACION,Precipitacion total mensual,1/03/2020 0:00,mm,156,Preliminar
46040010,CARTAGENA D CHAIRA [46040010],PRECIPITACION,Precipitacion total mensual,1/04/2020 0:00,mm,256,Preliminar
46040010,CARTAGENA D CHAIRA [46040010],PRECIPITACION,Precipitacion total mensual,1/05/2020 0:00,mm,493,Preliminar
46040010,CARTAGENA D CHAIRA [46040010],PRECIPITACION,Precipitacion total mensual,1/06/2020 0:00,mm,417,Preliminar
46040010,CARTAGENA D CHAIRA [46040010],PRECIPITACION,Precipitacion total mensual,1/07/2020 0:00,mm,246,Preliminar
46040010,CARTAGENA D CHAIRA [46040010],PRECIPITACION,Precipitacion total mensual,1/08/2020 0:00,mm,215,Preliminar
46040010,CARTAGENA D CHAIRA [46040010],PRECIPITACION,Precipitacion total mensual,1/09/2020 0:00,mm,205,Preliminar
46040010,CARTAGENA D CHAIRA [46040010],PRECIPITACION,Precipitacion total mensual,1/10/2020 0:00,mm,135,Preliminar
46040010,CARTAGENA D CHAIRA [46040010],PRECIPITACION,Precipitacion total mensual,1/11/2020 0:00,mm,387,Preliminar
46040010,CARTAGENA D CHAIRA [46040010],PRECIPITACION,Precipitacion total mensual,1/12/2020 0:00,mm,162,Preliminar
46040010,CARTAGENA D CHAIRA [46040010],PRECIPITACION,Precipitacion total mensual,1/01/2021 0:00,mm,216,Preliminar
46040010,CARTAGENA D CHAIRA [46040010],PRECIPITACION,Precipitacion total mensual,1/02/2021 0:00,mm,110,Preliminar
46040010,CARTAGENA D CHAIRA [46040010],PRECIPITACION,Precipitacion total mensual,1/03/2021 0:00,mm,409,Preliminar
46040010,CARTAGENA D CHAIRA [46040010],PRECIPITACION,Precipitacion total mensual,1/04/2021 0:00,mm,417,Preliminar
46040010,CARTAGENA D CHAIRA [46040010],PRECIPITACION,Precipitacion total mensual,1/05/2021 0:00,mm,493,Preliminar
46040010,CARTAGENA D CHAIRA [46040010],PRECIPITACION,Precipitacion total mensual,1/06/2021 0:00,mm,288,Preliminar
46040010,CARTAGENA D CHAIRA [46040010],PRECIPITACION,Precipitacion total mensual,1/07/2021 0:00,mm,309,Preliminar
46040010,CARTAGENA D CHAIRA [46040010],PRECIPITACION,Precipitacion total mensual,1/08/2021 0:00,mm,144,Preliminar
46040010,CARTAGENA D CHAIRA [46040010],PRECIPITACION,Precipitacion total mensual,1/09/2021 0:00,mm,175,Preliminar
46040010,CARTAGENA D CHAIRA [46040010],PRECIPITACION,Precipitacion total mensual,1/06/2022 0:00,mm,292,Preliminar
46040010,CARTAGENA D CHAIRA [46040010],PRECIPITACION,Precipitacion total mensual,1/07/2022 0:00,mm,314,Preliminar
46040010,CARTAGENA D CHAIRA [46040010],PRECIPITACION,Precipitacion total mensual,1/08/2022 0:00,mm,186,Preliminar
46040010,CARTAGENA D CHAIRA [46040010],PRECIPITACION,Precipitacion total mensual,1/09/2022 0:00,mm,304,Preliminar
46040010,CARTAGENA D CHAIRA [46040010],PRECIPITACION,Precipitacion total mensual,1/10/2022 0:00,mm,515,Preliminar
46040010,CARTAGENA D CHAIRA [46040010],PRECIPITACION,Precipitacion total mensual,1/11/2022 0:00,mm,256,Preliminar
46040010,CARTAGENA D CHAIRA [46040010],PRECIPITACION,Precipitacion total mensual,1/12/2022 0:00,mm,33,Preliminar
46040010,CARTAGENA D CHAIRA [46040010],PRECIPITACION,Precipitacion total mensual,1/01/2023 0:00,mm,152,Preliminar
46040010,CARTAGENA D CHAIRA [46040010],PRECIPITACION,Precipitacion total mensual,1/02/2023 0:00,mm,130,Preliminar
46040010,CARTAGENA D CHAIRA [46040010],PRECIPITACION,Precipitacion total mensual,1/03/2023 0:00,mm,405,Preliminar
46040010,CARTAGENA D CHAIRA [46040010],PRECIPITACION,Precipitacion total mensual,1/04/2023 0:00,mm,280,Preliminar
46040010,CARTAGENA D CHAIRA [46040010],PRECIPITACION,Precipitacion total mensual,1/05/2023 0:00,mm,539,Preliminar
46040010,CARTAGENA D CHAIRA [46040010],PRECIPITACION,Precipitacion total mensual,1/06/2023 0:00,mm,518,Preliminar
46040010,CARTAGENA D CHAIRA [46040010],PRECIPITACION,Precipitacion total mensual,1/07/2023 0:00,mm,372,Preliminar
46040010,CARTAGENA D CHAIRA [46040010],PRECIPITACION,Precipitacion total mensual,1/08/2023 0:00,mm,214,Preliminar
46040010,CARTAGENA D CHAIRA [46040010],PRECIPITACION,Precipitacion total mensual,1/09/2023 0:00,mm,215,Preliminar
46040010,CARTAGENA D CHAIRA [46040010],PRECIPITACION,Precipitacion total mensual,1/10/2023 0:00,mm,139,Preliminar
46040010,CARTAGENA D CHAIRA [46040010],PRECIPITACION,Precipitacion total mensual,1/11/2023 0:00,mm,134,Preliminar
46040010,CARTAGENA D CHAIRA [46040010],PRECIPITACION,Precipitacion total mensual,1/12/2023 0:00,mm,227,Preliminar
44100010,CORDOBA [44100010],PRECIPITACION,Precipitacion total mensual,1/01/2018 0:00,mm,342,Definitivo
44100010,CORDOBA [44100010],PRECIPITACION,Precipitacion total mensual,1/02/2018 0:00,mm,23,Definitivo
44100010,CORDOBA [44100010],PRECIPITACION,Precipitacion total mensual,1/03/2018 0:00,mm,174,Definitivo
44100010,CORDOBA [44100010],PRECIPITACION,Precipitacion total mensual,1/04/2018 0:00,mm,294,Definitivo
44100010,CORDOBA [44100010],PRECIPITACION,Precipitacion total mensual,1/05/2018 0:00,mm,408,Definitivo
44100010,CORDOBA [44100010],PRECIPITACION,Precipitacion total mensual,1/06/2018 0:00,mm,263,Definitivo
44100010,CORDOBA [44100010],PRECIPITACION,Precipitacion total mensual,1/08/2018 0:00,mm,272,Definitivo
44100010,CORDOBA [44100010],PRECIPITACION,Precipitacion total mensual,1/09/2018 0:00,mm,182,Definitivo
44100010,CORDOBA [44100010],PRECIPITACION,Precipitacion total mensual,1/10/2018 0:00,mm,528,Definitivo
44100010,CORDOBA [44100010],PRECIPITACION,Precipitacion total mensual,1/11/2018 0:00,mm,212,Definitivo
44100010,CORDOBA [44100010],PRECIPITACION,Precipitacion total mensual,1/12/2018 0:00,mm,69,Definitivo
44100010,CORDOBA [44100010],PRECIPITACION,Precipitacion total mensual,1/01/2019 0:00,mm,252,Definitivo
44100010,CORDOBA [44100010],PRECIPITACION,Precipitacion total mensual,1/02/2019 0:00,mm,116,Definitivo
44100010,CORDOBA [44100010],PRECIPITACION,Precipitacion total mensual,1/03/2019 0:00,mm,329,Definitivo
44100010,CORDOBA [44100010],PRECIPITACION,Precipitacion total mensual,1/04/2019 0:00,mm,323,Definitivo
44100010,CORDOBA [44100010],PRECIPITACION,Precipitacion total mensual,1/05/2019 0:00,mm,316,Definitivo
44100010,CORDOBA [44100010],PRECIPITACION,Precipitacion total mensual,1/06/2019 0:00,mm,453,Definitivo
44100010,CORDOBA [44100010],PRECIPITACION,Precipitacion total mensual,1/07/2019 0:00,mm,263,Definitivo
44100010,CORDOBA [44100010],PRECIPITACION,Precipitacion total mensual,1/08/2019 0:00,mm,171,Definitivo
44100010,CORDOBA [44100010],PRECIPITACION,Precipitacion total mensual,1/09/2019 0:00,mm,191,Definitivo
44100010,CORDOBA [44100010],PRECIPITACION,Precipitacion total mensual,1/10/2019 0:00,mm,194,Definitivo
44100010,CORDOBA [44100010],PRECIPITACION,Precipitacion total mensual,1/11/2019 0:00,mm,186,Definitivo
44100010,CORDOBA [44100010],PRECIPITACION,Precipitacion total mensual,1/12/2019 0:00,mm,182,Definitivo
44100010,CORDOBA [44100010],PRECIPITACION,Precipitacion total mensual,1/01/2020 0:00,mm,130,Definitivo
44100010,CORDOBA [44100010],PRECIPITACION,Precipitacion total mensual,1/02/2020 0:00,mm,168,Definitivo
44100010,CORDOBA [44100010],PRECIPITACION,Precipitacion total mensual,1/03/2020 0:00,mm,157,Definitivo
44100010,CORDOBA [44100010],PRECIPITACION,Precipitacion total mensual,1/04/2020 0:00,mm,184,Definitivo
44100010,CORDOBA [44100010],PRECIPITACION,Precipitacion total mensual,1/06/2020 0:00,mm,330,Definitivo
44100010,CORDOBA [44100010],PRECIPITACION,Precipitacion total mensual,1/07/2020 0:00,mm,150,Definitivo
44100010,CORDOBA [44100010],PRECIPITACION,Precipitacion total mensual,1/08/2020 0:00,mm,140,Definitivo
44100010,CORDOBA [44100010],PRECIPITACION,Precipitacion total mensual,1/09/2020 0:00,mm,134,Definitivo
44100010,CORDOBA [44100010],PRECIPITACION,Precipitacion total mensual,1/10/2020 0:00,mm,345,Definitivo
44100010,CORDOBA [44100010],PRECIPITACION,Precipitacion total mensual,1/12/2020 0:00,mm,202,Definitivo
44100010,CORDOBA [44100010],PRECIPITACION,Precipitacion total mensual,1/01/2021 0:00,mm,98,Definitivo
44100010,CORDOBA [44100010],PRECIPITACION,Precipitacion total mensual,1/02/2021 0:00,mm,120,Definitivo
44100010,CORDOBA [44100010],PRECIPITACION,Precipitacion total mensual,1/03/2021 0:00,mm,210,Definitivo
44100010,CORDOBA [44100010],PRECIPITACION,Precipitacion total mensual,1/04/2021 0:00,mm,335,Definitivo
44100010,CORDOBA [44100010],PRECIPITACION,Precipitacion total mensual,1/05/2021 0:00,mm,581,Definitivo
44100010,CORDOBA [44100010],PRECIPITACION,Precipitacion total mensual,1/06/2021 0:00,mm,393,Definitivo
44100010,CORDOBA [44100010],PRECIPITACION,Precipitacion total mensual,1/07/2021 0:00,mm,185,Definitivo
44100010,CORDOBA [44100010],PRECIPITACION,Precipitacion total mensual,1/08/2021 0:00,mm,147,Definitivo
44100010,CORDOBA [44100010],PRECIPITACION,Precipitacion total mensual,1/09/2021 0:00,mm,185,Definitivo
44100010,CORDOBA [44100010],PRECIPITACION,Precipitacion total mensual,1/10/2021 0:00,mm,245,Definitivo
44100010,CORDOBA [44100010],PRECIPITACION,Precipitacion total mensual,1/11/2021 0:00,mm,199,Definitivo
44100010,CORDOBA [44100010],PRECIPITACION,Precipitacion total mensual,1/12/2021 0:00,mm,115,Definitivo
44100010,CORDOBA [44100010],PRECIPITACION,Precipitacion total mensual,1/01/2022 0:00,mm,130,Definitivo
44100010,CORDOBA [44100010],PRECIPITACION,Precipitacion total mensual,1/02/2022 0:00,mm,227,Definitivo
44100010,CORDOBA [44100010],PRECIPITACION,Precipitacion total mensual,1/03/2022 0:00,mm,287,Definitivo
44100010,CORDOBA [44100010],PRECIPITACION,Precipitacion total mensual,1/04/2022 0:00,mm,375,Definitivo
44100010,CORDOBA [44100010],PRECIPITACION,Precipitacion total mensual,1/05/2022 0:00,mm,241,Definitivo
44100010,CORDOBA [44100010],PRECIPITACION,Precipitacion total mensual,1/06/2022 0:00,mm,366,Definitivo
44100010,CORDOBA [44100010],PRECIPITACION,Precipitacion total mensual,1/07/2022 0:00,mm,341,Definitivo
44100010,CORDOBA [44100010],PRECIPITACION,Precipitacion total mensual,1/08/2022 0:00,mm,332,Definitivo
44100010,CORDOBA [44100010],PRECIPITACION,Precipitacion total mensual,1/09/2022 0:00,mm,244,Definitivo
44100010,CORDOBA [44100010],PRECIPITACION,Precipitacion total mensual,1/01/2023 0:00,mm,151,Definitivo
44100010,CORDOBA [44100010],PRECIPITACION,Precipitacion total mensual,1/02/2023 0:00,mm,158,Definitivo
44100010,CORDOBA [44100010],PRECIPITACION,Precipitacion total mensual,1/03/2023 0:00,mm,305,Definitivo
44100010,CORDOBA [44100010],PRECIPITACION,Precipitacion total mensual,1/04/2023 0:00,mm,261,Definitivo
44100010,CORDOBA [44100010],PRECIPITACION,Precipitacion total mensual,1/06/2023 0:00,mm,278,Definitivo
44100010,CORDOBA [44100010],PRECIPITACION,Precipitacion total mensual,1/07/2023 0:00,mm,365,Definitivo
44100010,CORDOBA [44100010],PRECIPITACION,Precipitacion total mensual,1/08/2023 0:00,mm,103,Definitivo
44100010,CORDOBA [44100010],PRECIPITACION,Precipitacion total mensual,1/09/2023 0:00,mm,86,Definitivo
44100010,CORDOBA [44100010],PRECIPITACION,Precipitacion total mensual,1/10/2023 0:00,mm,223,Definitivo
44100010,CORDOBA [44100010],PRECIPITACION,Precipitacion total mensual,1/11/2023 0:00,mm,267,Definitivo
44100010,CORDOBA [44100010],PRECIPITACION,Precipitacion total mensual,1/12/2023 0:00,mm,333,Definitivo
44140020,CUEMANI [44140020],PRECIPITACION,Precipitacion total mensual,1/04/2018 0:00,mm,428,Definitivo
44140020,CUEMANI [44140020],PRECIPITACION,Precipitacion total mensual,1/05/2018 0:00,mm,649,Definitivo
44140020,CUEMANI [44140020],PRECIPITACION,Precipitacion total mensual,1/07/2018 0:00,mm,376,Definitivo
44140020,CUEMANI [44140020],PRECIPITACION,Precipitacion total mensual,1/08/2018 0:00,mm,240,Definitivo
44140020,CUEMANI [44140020],PRECIPITACION,Precipitacion total mensual,1/10/2018 0:00,mm,196,Definitivo
44140020,CUEMANI [44140020],PRECIPITACION,Precipitacion total mensual,1/11/2018 0:00,mm,225,Definitivo
44140020,CUEMANI [44140020],PRECIPITACION,Precipitacion total mensual,1/12/2018 0:00,mm,264,Definitivo
44140020,CUEMANI [44140020],PRECIPITACION,Precipitacion total mensual,1/01/2019 0:00,mm,379,Definitivo
44140020,CUEMANI [44140020],PRECIPITACION,Precipitacion total mensual,1/03/2019 0:00,mm,273,Definitivo
44140020,CUEMANI [44140020],PRECIPITACION,Precipitacion total mensual,1/04/2019 0:00,mm,218,Definitivo
44140020,CUEMANI [44140020],PRECIPITACION,Precipitacion total mensual,1/05/2019 0:00,mm,494,Definitivo
44140020,CUEMANI [44140020],PRECIPITACION,Precipitacion total mensual,1/06/2019 0:00,mm,251,Definitivo
44140020,CUEMANI [44140020],PRECIPITACION,Precipitacion total mensual,1/07/2019 0:00,mm,194,Definitivo
44140020,CUEMANI [44140020],PRECIPITACION,Precipitacion total mensual,1/08/2019 0:00,mm,274,Definitivo
44140020,CUEMANI [44140020],PRECIPITACION,Precipitacion total mensual,1/09/2019 0:00,mm,286,Definitivo
44140020,CUEMANI [44140020],PRECIPITACION,Precipitacion total mensual,1/10/2019 0:00,mm,325,Definitivo
44140020,CUEMANI [44140020],PRECIPITACION,Precipitacion total mensual,1/11/2019 0:00,mm,245,Definitivo
44140020,CUEMANI [44140020],PRECIPITACION,Precipitacion total mensual,1/12/2019 0:00,mm,290,Definitivo
44140020,CUEMANI [44140020],PRECIPITACION,Precipitacion total mensual,1/01/2020 0:00,mm,160,Definitivo
44140020,CUEMANI [44140020],PRECIPITACION,Precipitacion total mensual,1/04/2020 0:00,mm,338,Definitivo
44140020,CUEMANI [44140020],PRECIPITACION,Precipitacion total mensual,1/05/2020 0:00,mm,408,Definitivo
44140020,CUEMANI [44140020],PRECIPITACION,Precipitacion total mensual,1/06/2020 0:00,mm,407,Definitivo
44140020,CUEMANI [44140020],PRECIPITACION,Precipitacion total mensual,1/07/2020 0:00,mm,232,Definitivo
44140020,CUEMANI [44140020],PRECIPITACION,Precipitacion total mensual,1/08/2020 0:00,mm,190,Definitivo
44140020,CUEMANI [44140020],PRECIPITACION,Precipitacion total mensual,1/09/2020 0:00,mm,178,Definitivo
44140020,CUEMANI [44140020],PRECIPITACION,Precipitacion total mensual,1/10/2020 0:00,mm,218,Definitivo
44140020,CUEMANI [44140020],PRECIPITACION,Precipitacion total mensual,1/11/2020 0:00,mm,435,Definitivo
44140020,CUEMANI [44140020],PRECIPITACION,Precipitacion total mensual,1/12/2020 0:00,mm,252,Definitivo
44140020,CUEMANI [44140020],PRECIPITACION,Precipitacion total mensual,1/01/2021 0:00,mm,234,Definitivo
44140020,CUEMANI [44140020],PRECIPITACION,Precipitacion total mensual,1/02/2021 0:00,mm,108,Definitivo
44140020,CUEMANI [44140020],PRECIPITACION,Precipitacion total mensual,1/03/2021 0:00,mm,317,Definitivo
44140020,CUEMANI [44140020],PRECIPITACION,Precipitacion total mensual,1/04/2021 0:00,mm,302,Definitivo
44140020,CUEMANI [44140020],PRECIPITACION,Precipitacion total mensual,1/05/2021 0:00,mm,730,Definitivo
44140020,CUEMANI [44140020],PRECIPITACION,Precipitacion total mensual,1/06/2021 0:00,mm,362,Definitivo
44140020,CUEMANI [44140020],PRECIPITACION,Precipitacion total mensual,1/08/2022 0:00,mm,210,Definitivo
44140020,CUEMANI [44140020],PRECIPITACION,Precipitacion total mensual,1/09/2022 0:00,mm,308,Definitivo
44140020,CUEMANI [44140020],PRECIPITACION,Precipitacion total mensual,1/10/2022 0:00,mm,159,Definitivo
44140020,CUEMANI [44140020],PRECIPITACION,Precipitacion total mensual,1/11/2022 0:00,mm,133,Definitivo
44140020,CUEMANI [44140020],PRECIPITACION,Precipitacion total mensual,1/12/2022 0:00,mm,79,Definitivo
44140020,CUEMANI [44140020],PRECIPITACION,Precipitacion total mensual,1/01/2023 0:00,mm,172,Definitivo
44140020,CUEMANI [44140020],PRECIPITACION,Precipitacion total mensual,1/02/2023 0:00,mm,128,Definitivo
44140020,CUEMANI [44140020],PRECIPITACION,Precipitacion total mensual,1/03/2023 0:00,mm,280,Definitivo
44140020,CUEMANI [44140020],PRECIPITACION,Precipitacion total mensual,1/09/2023 0:00,mm,255,Definitivo
44140020,CUEMANI [44140020],PRECIPITACION,Precipitacion total mensual,1/10/2023 0:00,mm,174,Definitivo
44140020,CUEMANI [44140020],PRECIPITACION,Precipitacion total mensual,1/11/2023 0:00,mm,270,Definitivo
44140020,CUEMANI [44140020],PRECIPITACION,Precipitacion total mensual,1/12/2023 0:00,mm,497,Definitivo
44127010,ESTRECHOS LOS [44127010],PRECIPITACION,Precipitacion total mensual,1/01/2018 0:00,mm,376,Definitivo
44127010,ESTRECHOS LOS [44127010],PRECIPITACION,Precipitacion total mensual,1/03/2018 0:00,mm,261,Definitivo
44127010,ESTRECHOS LOS [44127010],PRECIPITACION,Precipitacion total mensual,1/04/2018 0:00,mm,382,Definitivo
44127010,ESTRECHOS LOS [44127010],PRECIPITACION,Precipitacion total mensual,1/05/2018 0:00,mm,439,Definitivo
44127010,ESTRECHOS LOS [44127010],PRECIPITACION,Precipitacion total mensual,1/06/2018 0:00,mm,397,Definitivo
44127010,ESTRECHOS LOS [44127010],PRECIPITACION,Precipitacion total mensual,1/07/2018 0:00,mm,532,Definitivo
44127010,ESTRECHOS LOS [44127010],PRECIPITACION,Precipitacion total mensual,1/08/2018 0:00,mm,380,Definitivo
44127010,ESTRECHOS LOS [44127010],PRECIPITACION,Precipitacion total mensual,1/09/2018 0:00,mm,478,Definitivo
44127010,ESTRECHOS LOS [44127010],PRECIPITACION,Precipitacion total mensual,1/10/2018 0:00,mm,382,Definitivo
44127010,ESTRECHOS LOS [44127010],PRECIPITACION,Precipitacion total mensual,1/11/2018 0:00,mm,317,Definitivo
44127010,ESTRECHOS LOS [44127010],PRECIPITACION,Precipitacion total mensual,1/12/2018 0:00,mm,146,Definitivo
44127010,ESTRECHOS LOS [44127010],PRECIPITACION,Precipitacion total mensual,1/01/2019 0:00,mm,329,Definitivo
44127010,ESTRECHOS LOS [44127010],PRECIPITACION,Precipitacion total mensual,1/02/2019 0:00,mm,459,Definitivo
44127010,ESTRECHOS LOS [44127010],PRECIPITACION,Precipitacion total mensual,1/03/2019 0:00,mm,245,Definitivo
44127010,ESTRECHOS LOS [44127010],PRECIPITACION,Precipitacion total mensual,1/04/2019 0:00,mm,192,Definitivo
44127010,ESTRECHOS LOS [44127010],PRECIPITACION,Precipitacion total mensual,1/05/2019 0:00,mm,368,Definitivo
44127010,ESTRECHOS LOS [44127010],PRECIPITACION,Precipitacion total mensual,1/06/2019 0:00,mm,747,Definitivo
44127010,ESTRECHOS LOS [44127010],PRECIPITACION,Precipitacion total mensual,1/07/2019 0:00,mm,243,Definitivo
44127010,ESTRECHOS LOS [44127010],PRECIPITACION,Precipitacion total mensual,1/08/2019 0:00,mm,122,Definitivo
44127010,ESTRECHOS LOS [44127010],PRECIPITACION,Precipitacion total mensual,1/09/2019 0:00,mm,280,Definitivo
44127010,ESTRECHOS LOS [44127010],PRECIPITACION,Precipitacion total mensual,1/10/2019 0:00,mm,347,Definitivo
44127010,ESTRECHOS LOS [44127010],PRECIPITACION,Precipitacion total mensual,1/11/2019 0:00,mm,292,Definitivo
44127010,ESTRECHOS LOS [44127010],PRECIPITACION,Precipitacion total mensual,1/12/2019 0:00,mm,346,Definitivo
44127010,ESTRECHOS LOS [44127010],PRECIPITACION,Precipitacion total mensual,1/01/2020 0:00,mm,202,Definitivo
44127010,ESTRECHOS LOS [44127010],PRECIPITACION,Precipitacion total mensual,1/03/2020 0:00,mm,167,Definitivo
44127010,ESTRECHOS LOS [44127010],PRECIPITACION,Precipitacion total mensual,1/04/2020 0:00,mm,458,Definitivo
44127010,ESTRECHOS LOS [44127010],PRECIPITACION,Precipitacion total mensual,1/05/2020 0:00,mm,547,Definitivo
44127010,ESTRECHOS LOS [44127010],PRECIPITACION,Precipitacion total mensual,1/06/2020 0:00,mm,248,Definitivo
44127010,ESTRECHOS LOS [44127010],PRECIPITACION,Precipitacion total mensual,1/07/2020 0:00,mm,647,Definitivo
44127010,ESTRECHOS LOS [44127010],PRECIPITACION,Precipitacion total mensual,1/08/2020 0:00,mm,547,Definitivo
44127010,ESTRECHOS LOS [44127010],PRECIPITACION,Precipitacion total mensual,1/09/2020 0:00,mm,590,Definitivo
44127010,ESTRECHOS LOS [44127010],PRECIPITACION,Precipitacion total mensual,1/10/2020 0:00,mm,544,Definitivo
44127010,ESTRECHOS LOS [44127010],PRECIPITACION,Precipitacion total mensual,1/11/2020 0:00,mm,571,Definitivo
44127010,ESTRECHOS LOS [44127010],PRECIPITACION,Precipitacion total mensual,1/12/2020 0:00,mm,274,Definitivo
44127010,ESTRECHOS LOS [44127010],PRECIPITACION,Precipitacion total mensual,1/01/2021 0:00,mm,146,Definitivo
44127010,ESTRECHOS LOS [44127010],PRECIPITACION,Precipitacion total mensual,1/02/2021 0:00,mm,73,Definitivo
44127010,ESTRECHOS LOS [44127010],PRECIPITACION,Precipitacion total mensual,1/03/2021 0:00,mm,285,Definitivo
44127010,ESTRECHOS LOS [44127010],PRECIPITACION,Precipitacion total mensual,1/04/2021 0:00,mm,487,Definitivo
44127010,ESTRECHOS LOS [44127010],PRECIPITACION,Precipitacion total mensual,1/05/2021 0:00,mm,391,Definitivo
44127010,ESTRECHOS LOS [44127010],PRECIPITACION,Precipitacion total mensual,1/06/2021 0:00,mm,366,Definitivo
44127010,ESTRECHOS LOS [44127010],PRECIPITACION,Precipitacion total mensual,1/08/2021 0:00,mm,295,Definitivo
44127010,ESTRECHOS LOS [44127010],PRECIPITACION,Precipitacion total mensual,1/09/2021 0:00,mm,243,Definitivo
44127010,ESTRECHOS LOS [44127010],PRECIPITACION,Precipitacion total mensual,1/10/2021 0:00,mm,470,Definitivo
44127010,ESTRECHOS LOS [44127010],PRECIPITACION,Precipitacion total mensual,1/11/2021 0:00,mm,395,Definitivo
44127010,ESTRECHOS LOS [44127010],PRECIPITACION,Precipitacion total mensual,1/12/2021 0:00,mm,153,Definitivo
44127010,ESTRECHOS LOS [44127010],PRECIPITACION,Precipitacion total mensual,1/01/2022 0:00,mm,436,Definitivo
44127010,ESTRECHOS LOS [44127010],PRECIPITACION,Precipitacion total mensual,1/02/2022 0:00,mm,488,Definitivo
44127010,ESTRECHOS LOS [44127010],PRECIPITACION,Precipitacion total mensual,1/03/2022 0:00,mm,443,Definitivo
44127010,ESTRECHOS LOS [44127010],PRECIPITACION,Precipitacion total mensual,1/04/2022 0:00,mm,410,Definitivo
44127010,ESTRECHOS LOS [44127010],PRECIPITACION,Precipitacion total mensual,1/05/2022 0:00,mm,503,Definitivo
44127010,ESTRECHOS LOS [44127010],PRECIPITACION,Precipitacion total mensual,1/08/2022 0:00,mm,285,Definitivo
44127010,ESTRECHOS LOS [44127010],PRECIPITACION,Precipitacion total mensual,1/09/2022 0:00,mm,250,Definitivo
44127010,ESTRECHOS LOS [44127010],PRECIPITACION,Precipitacion total mensual,1/10/2022 0:00,mm,74,Definitivo
44127010,ESTRECHOS LOS [44127010],PRECIPITACION,Precipitacion total mensual,1/11/2022 0:00,mm,112,Definitivo
44127010,ESTRECHOS LOS [44127010],PRECIPITACION,Precipitacion total mensual,1/12/2022 0:00,mm,160,Definitivo
44127010,ESTRECHOS LOS [44127010],PRECIPITACION,Precipitacion total mensual,1/01/2023 0:00,mm,260,Definitivo
44127010,ESTRECHOS LOS [44127010],PRECIPITACION,Precipitacion total mensual,1/02/2023 0:00,mm,304,Definitivo
44127010,ESTRECHOS LOS [44127010],PRECIPITACION,Precipitacion total mensual,1/03/2023 0:00,mm,229,Definitivo
44127010,ESTRECHOS LOS [44127010],PRECIPITACION,Precipitacion total mensual,1/04/2023 0:00,mm,484,Definitivo
44127010,ESTRECHOS LOS [44127010],PRECIPITACION,Precipitacion total mensual,1/05/2023 0:00,mm,631,Definitivo
44127010,ESTRECHOS LOS [44127010],PRECIPITACION,Precipitacion total mensual,1/06/2023 0:00,mm,334,Definitivo
44127010,ESTRECHOS LOS [44127010],PRECIPITACION,Precipitacion total mensual,1/07/2023 0:00,mm,498,Definitivo
44127010,ESTRECHOS LOS [44127010],PRECIPITACION,Precipitacion total mensual,1/08/2023 0:00,mm,337,Definitivo
44127010,ESTRECHOS LOS [44127010],PRECIPITACION,Precipitacion total mensual,1/09/2023 0:00,mm,263,Definitivo
44127010,ESTRECHOS LOS [44127010],PRECIPITACION,Precipitacion total mensual,1/10/2023 0:00,mm,297,Definitivo
44127010,ESTRECHOS LOS [44127010],PRECIPITACION,Precipitacion total mensual,1/11/2023 0:00,mm,271,Definitivo
44127010,ESTRECHOS LOS [44127010],PRECIPITACION,Precipitacion total mensual,1/12/2023 0:00,mm,527,Definitivo
44030060,LARANDIA [44030060],PRECIPITACION,Precipitacion total mensual,1/01/2018 0:00,mm,186,Definitivo
44030060,LARANDIA [44030060],PRECIPITACION,Precipitacion total mensual,1/02/2018 0:00,mm,32,Definitivo
44030060,LARANDIA [44030060],PRECIPITACION,Precipitacion total mensual,1/03/2018 0:00,mm,443,Definitivo
44030060,LARANDIA [44030060],PRECIPITACION,Precipitacion total mensual,1/04/2018 0:00,mm,457,Definitivo
44030060,LARANDIA [44030060],PRECIPITACION,Precipitacion total mensual,1/05/2018 0:00,mm,409,Definitivo
44030060,LARANDIA [44030060],PRECIPITACION,Precipitacion total mensual,1/06/2018 0:00,mm,520,Definitivo
44030060,LARANDIA [44030060],PRECIPITACION,Precipitacion total mensual,1/07/2018 0:00,mm,232,Definitivo
44030060,LARANDIA [44030060],PRECIPITACION,Precipitacion total mensual,1/08/2018 0:00,mm,264,Definitivo
44030060,LARANDIA [44030060],PRECIPITACION,Precipitacion total mensual,1/09/2018 0:00,mm,160,Definitivo
44030060,LARANDIA [44030060],PRECIPITACION,Precipitacion total mensual,1/10/2018 0:00,mm,517,Definitivo
44030060,LARANDIA [44030060],PRECIPITACION,Precipitacion total mensual,1/11/2018 0:00,mm,179,Definitivo
44030060,LARANDIA [44030060],PRECIPITACION,Precipitacion total mensual,1/12/2018 0:00,mm,79,Definitivo
44030060,LARANDIA [44030060],PRECIPITACION,Precipitacion total mensual,1/01/2019 0:00,mm,236,Definitivo
44030060,LARANDIA [44030060],PRECIPITACION,Precipitacion total mensual,1/02/2019 0:00,mm,176,Definitivo
44030060,LARANDIA [44030060],PRECIPITACION,Precipitacion total mensual,1/03/2019 0:00,mm,632,Definitivo
44030060,LARANDIA [44030060],PRECIPITACION,Precipitacion total mensual,1/04/2019 0:00,mm,354,Definitivo
44030060,LARANDIA [44030060],PRECIPITACION,Precipitacion total mensual,1/05/2019 0:00,mm,421,Definitivo
44030060,LARANDIA [44030060],PRECIPITACION,Precipitacion total mensual,1/06/2019 0:00,mm,671,Definitivo
44030060,LARANDIA [44030060],PRECIPITACION,Precipitacion total mensual,1/07/2019 0:00,mm,509,Definitivo
44030060,LARANDIA [44030060],PRECIPITACION,Precipitacion total mensual,1/08/2019 0:00,mm,224,Definitivo
44030060,LARANDIA [44030060],PRECIPITACION,Precipitacion total mensual,1/09/2019 0:00,mm,195,Definitivo
44030060,LARANDIA [44030060],PRECIPITACION,Precipitacion total mensual,1/10/2019 0:00,mm,239,Definitivo
44030060,LARANDIA [44030060],PRECIPITACION,Precipitacion total mensual,1/11/2019 0:00,mm,480,Definitivo
44030060,LARANDIA [44030060],PRECIPITACION,Precipitacion total mensual,1/12/2019 0:00,mm,394,Definitivo
44030060,LARANDIA [44030060],PRECIPITACION,Precipitacion total mensual,1/01/2020 0:00,mm,5,Definitivo
44030060,LARANDIA [44030060],PRECIPITACION,Precipitacion total mensual,1/02/2020 0:00,mm,183,Definitivo
44030060,LARANDIA [44030060],PRECIPITACION,Precipitacion total mensual,1/03/2020 0:00,mm,347,Definitivo
44030060,LARANDIA [44030060],PRECIPITACION,Precipitacion total mensual,1/04/2020 0:00,mm,361,Definitivo
44030060,LARANDIA [44030060],PRECIPITACION,Precipitacion total mensual,1/05/2020 0:00,mm,812,Definitivo
44030060,LARANDIA [44030060],PRECIPITACION,Precipitacion total mensual,1/06/2020 0:00,mm,313,Definitivo
44030060,LARANDIA [44030060],PRECIPITACION,Precipitacion total mensual,1/07/2020 0:00,mm,292,Definitivo
44030060,LARANDIA [44030060],PRECIPITACION,Precipitacion total mensual,1/08/2020 0:00,mm,240,Definitivo
44030060,LARANDIA [44030060],PRECIPITACION,Precipitacion total mensual,1/09/2020 0:00,mm,296,Definitivo
44030060,LARANDIA [44030060],PRECIPITACION,Precipitacion total mensual,1/10/2020 0:00,mm,390,Definitivo
44030060,LARANDIA [44030060],PRECIPITACION,Precipitacion total mensual,1/11/2020 0:00,mm,305,Definitivo
44030060,LARANDIA [44030060],PRECIPITACION,Precipitacion total mensual,1/12/2020 0:00,mm,293,Definitivo
44030060,LARANDIA [44030060],PRECIPITACION,Precipitacion total mensual,1/01/2021 0:00,mm,178,Definitivo
44030060,LARANDIA [44030060],PRECIPITACION,Precipitacion total mensual,1/02/2021 0:00,mm,257,Definitivo
44030060,LARANDIA [44030060],PRECIPITACION,Precipitacion total mensual,1/03/2021 0:00,mm,331,Definitivo
44030060,LARANDIA [44030060],PRECIPITACION,Precipitacion total mensual,1/04/2021 0:00,mm,640,Definitivo
44030060,LARANDIA [44030060],PRECIPITACION,Precipitacion total mensual,1/05/2021 0:00,mm,778,Definitivo
44030060,LARANDIA [44030060],PRECIPITACION,Precipitacion total mensual,1/06/2021 0:00,mm,711,Definitivo
44030060,LARANDIA [44030060],PRECIPITACION,Precipitacion total mensual,1/07/2021 0:00,mm,757,Definitivo
44030060,LARANDIA [44030060],PRECIPITACION,Precipitacion total mensual,1/08/2021 0:00,mm,386,Definitivo
44030060,LARANDIA [44030060],PRECIPITACION,Precipitacion total mensual,1/09/2021 0:00,mm,415,Definitivo
44030060,LARANDIA [44030060],PRECIPITACION,Precipitacion total mensual,1/10/2021 0:00,mm,290,Definitivo
44030060,LARANDIA [44030060],PRECIPITACION,Precipitacion total mensual,1/11/2021 0:00,mm,182,Definitivo
44030060,LARANDIA [44030060],PRECIPITACION,Precipitacion total mensual,1/12/2021 0:00,mm,97,Definitivo
44030060,LARANDIA [44030060],PRECIPITACION,Precipitacion total mensual,1/01/2022 0:00,mm,183,Definitivo
44030060,LARANDIA [44030060],PRECIPITACION,Precipitacion total mensual,1/02/2022 0:00,mm,300,Definitivo
44030060,LARANDIA [44030060],PRECIPITACION,Precipitacion total mensual,1/03/2022 0:00,mm,441,Definitivo
44030060,LARANDIA [44030060],PRECIPITACION,Precipitacion total mensual,1/04/2022 0:00,mm,668,Definitivo
44030060,LARANDIA [44030060],PRECIPITACION,Precipitacion total mensual,1/05/2022 0:00,mm,712,Definitivo
44030060,LARANDIA [44030060],PRECIPITACION,Precipitacion total mensual,1/06/2022 0:00,mm,479,Definitivo
44030060,LARANDIA [44030060],PRECIPITACION,Precipitacion total mensual,1/07/2022 0:00,mm,464,Definitivo
44030060,LARANDIA [44030060],PRECIPITACION,Precipitacion total mensual,1/08/2022 0:00,mm,442,Definitivo
44030060,LARANDIA [44030060],PRECIPITACION,Precipitacion total mensual,1/09/2022 0:00,mm,206,Definitivo
44030060,LARANDIA [44030060],PRECIPITACION,Precipitacion total mensual,1/10/2022 0:00,mm,276,Definitivo
44030060,LARANDIA [44030060],PRECIPITACION,Precipitacion total mensual,1/11/2022 0:00,mm,171,Definitivo
44030060,LARANDIA [44030060],PRECIPITACION,Precipitacion total mensual,1/12/2022 0:00,mm,67,Definitivo
44030060,LARANDIA [44030060],PRECIPITACION,Precipitacion total mensual,1/01/2023 0:00,mm,277,Definitivo
44030060,LARANDIA [44030060],PRECIPITACION,Precipitacion total mensual,1/02/2023 0:00,mm,366,Definitivo
44030060,LARANDIA [44030060],PRECIPITACION,Precipitacion total mensual,1/03/2023 0:00,mm,382,Definitivo
44030060,LARANDIA [44030060],PRECIPITACION,Precipitacion total mensual,1/04/2023 0:00,mm,560,Definitivo
44030060,LARANDIA [44030060],PRECIPITACION,Precipitacion total mensual,1/05/2023 0:00,mm,573,Definitivo
44030060,LARANDIA [44030060],PRECIPITACION,Precipitacion total mensual,1/06/2023 0:00,mm,590,Definitivo
44030060,LARANDIA [44030060],PRECIPITACION,Precipitacion total mensual,1/07/2023 0:00,mm,336,Definitivo
44030060,LARANDIA [44030060],PRECIPITACION,Precipitacion total mensual,1/08/2023 0:00,mm,187,Definitivo
44030060,LARANDIA [44030060],PRECIPITACION,Precipitacion total mensual,1/09/2023 0:00,mm,247,Definitivo
44030060,LARANDIA [44030060],PRECIPITACION,Precipitacion total mensual,1/10/2023 0:00,mm,79,Definitivo
44030060,LARANDIA [44030060],PRECIPITACION,Precipitacion total mensual,1/11/2023 0:00,mm,193,Definitivo
44030060,LARANDIA [44030060],PRECIPITACION,Precipitacion total mensual,1/12/2023 0:00,mm,449,Definitivo
44035030,MACAGUAL [44035030],PRECIPITACION,Precipitacion total mensual,1/03/2018 0:00,mm,313.2,Definitivo
44035030,MACAGUAL [44035030],PRECIPITACION,Precipitacion total mensual,1/04/2018 0:00,mm,617.7,Definitivo
44035030,MACAGUAL [44035030],PRECIPITACION,Precipitacion total mensual,1/05/2018 0:00,mm,367.7,Definitivo
44035030,MACAGUAL [44035030],PRECIPITACION,Precipitacion total mensual,1/08/2018 0:00,mm,289.7,Definitivo
44035030,MACAGUAL [44035030],PRECIPITACION,Precipitacion total mensual,1/09/2018 0:00,mm,248.2,Definitivo
44035030,MACAGUAL [44035030],PRECIPITACION,Precipitacion total mensual,1/10/2018 0:00,mm,352.7,Definitivo
44035030,MACAGUAL [44035030],PRECIPITACION,Precipitacion total mensual,1/11/2018 0:00,mm,127.1,Definitivo
44035030,MACAGUAL [44035030],PRECIPITACION,Precipitacion total mensual,1/02/2019 0:00,mm,175,Definitivo
44035030,MACAGUAL [44035030],PRECIPITACION,Precipitacion total mensual,1/03/2019 0:00,mm,305.6,Definitivo
44035030,MACAGUAL [44035030],PRECIPITACION,Precipitacion total mensual,1/04/2019 0:00,mm,304.8,Definitivo
44035030,MACAGUAL [44035030],PRECIPITACION,Precipitacion total mensual,1/05/2019 0:00,mm,368.2,Definitivo
44035030,MACAGUAL [44035030],PRECIPITACION,Precipitacion total mensual,1/06/2019 0:00,mm,513.1,Definitivo
44035030,MACAGUAL [44035030],PRECIPITACION,Precipitacion total mensual,1/10/2019 0:00,mm,200.4,Definitivo
44035030,MACAGUAL [44035030],PRECIPITACION,Precipitacion total mensual,1/11/2019 0:00,mm,210.2,Definitivo
44035030,MACAGUAL [44035030],PRECIPITACION,Precipitacion total mensual,1/12/2019 0:00,mm,294.4,Definitivo
44035030,MACAGUAL [44035030],PRECIPITACION,Precipitacion total mensual,1/01/2020 0:00,mm,53.7,Definitivo
44035030,MACAGUAL [44035030],PRECIPITACION,Precipitacion total mensual,1/02/2020 0:00,mm,196.7,Definitivo
44035030,MACAGUAL [44035030],PRECIPITACION,Precipitacion total mensual,1/03/2020 0:00,mm,285.3,Definitivo
44035030,MACAGUAL [44035030],PRECIPITACION,Precipitacion total mensual,1/04/2020 0:00,mm,328.6,Definitivo
44035030,MACAGUAL [44035030],PRECIPITACION,Precipitacion total mensual,1/05/2020 0:00,mm,561.8,Definitivo
44035030,MACAGUAL [44035030],PRECIPITACION,Precipitacion total mensual,1/06/2020 0:00,mm,270,Definitivo
44035030,MACAGUAL [44035030],PRECIPITACION,Precipitacion total mensual,1/07/2020 0:00,mm,379.2,Definitivo
44035030,MACAGUAL [44035030],PRECIPITACION,Precipitacion total mensual,1/08/2020 0:00,mm,102.2,Definitivo
44035030,MACAGUAL [44035030],PRECIPITACION,Precipitacion total mensual,1/09/2020 0:00,mm,186.8,Definitivo
44035030,MACAGUAL [44035030],PRECIPITACION,Precipitacion total mensual,1/10/2020 0:00,mm,227.2,Definitivo
44035030,MACAGUAL [44035030],PRECIPITACION,Precipitacion total mensual,1/11/2020 0:00,mm,243.3,Definitivo
44035030,MACAGUAL [44035030],PRECIPITACION,Precipitacion total mensual,1/12/2020 0:00,mm,109.3,Definitivo
44035030,MACAGUAL [44035030],PRECIPITACION,Precipitacion total mensual,1/01/2021 0:00,mm,134.1,Definitivo
44035030,MACAGUAL [44035030],PRECIPITACION,Precipitacion total mensual,1/02/2021 0:00,mm,105.7,Definitivo
44035030,MACAGUAL [44035030],PRECIPITACION,Precipitacion total mensual,1/03/2021 0:00,mm,264.9,Definitivo
44035030,MACAGUAL [44035030],PRECIPITACION,Precipitacion total mensual,1/04/2021 0:00,mm,484.5,Definitivo
44035030,MACAGUAL [44035030],PRECIPITACION,Precipitacion total mensual,1/05/2021 0:00,mm,584.2,Definitivo
44035030,MACAGUAL [44035030],PRECIPITACION,Precipitacion total mensual,1/06/2021 0:00,mm,523.3,Definitivo
44035030,MACAGUAL [44035030],PRECIPITACION,Precipitacion total mensual,1/07/2021 0:00,mm,710.3,Definitivo
44035030,MACAGUAL [44035030],PRECIPITACION,Precipitacion total mensual,1/08/2021 0:00,mm,200.7,Definitivo
44035030,MACAGUAL [44035030],PRECIPITACION,Precipitacion total mensual,1/09/2021 0:00,mm,204.4,Definitivo
44035030,MACAGUAL [44035030],PRECIPITACION,Precipitacion total mensual,1/10/2021 0:00,mm,229.8,Definitivo
44035030,MACAGUAL [44035030],PRECIPITACION,Precipitacion total mensual,1/11/2021 0:00,mm,190.1,Definitivo
44035030,MACAGUAL [44035030],PRECIPITACION,Precipitacion total mensual,1/12/2021 0:00,mm,93,Definitivo
44035030,MACAGUAL [44035030],PRECIPITACION,Precipitacion total mensual,1/01/2022 0:00,mm,93.7,Definitivo
44035030,MACAGUAL [44035030],PRECIPITACION,Precipitacion total mensual,1/02/2022 0:00,mm,139.9,Definitivo
44035030,MACAGUAL [44035030],PRECIPITACION,Precipitacion total mensual,1/03/2022 0:00,mm,337.2,Definitivo
44035030,MACAGUAL [44035030],PRECIPITACION,Precipitacion total mensual,1/04/2022 0:00,mm,562.8,Definitivo
44035030,MACAGUAL [44035030],PRECIPITACION,Precipitacion total mensual,1/05/2022 0:00,mm,568.8,Definitivo
44035030,MACAGUAL [44035030],PRECIPITACION,Precipitacion total mensual,1/06/2022 0:00,mm,510.3,Definitivo
44035030,MACAGUAL [44035030],PRECIPITACION,Precipitacion total mensual,1/07/2022 0:00,mm,395.2,Definitivo
44035030,MACAGUAL [44035030],PRECIPITACION,Precipitacion total mensual,1/08/2022 0:00,mm,324.1,Definitivo
44035030,MACAGUAL [44035030],PRECIPITACION,Precipitacion total mensual,1/09/2022 0:00,mm,279.9,Definitivo
44035030,MACAGUAL [44035030],PRECIPITACION,Precipitacion total mensual,1/10/2022 0:00,mm,323.3,Definitivo
44035030,MACAGUAL [44035030],PRECIPITACION,Precipitacion total mensual,1/11/2022 0:00,mm,181.6,Definitivo
44035030,MACAGUAL [44035030],PRECIPITACION,Precipitacion total mensual,1/12/2022 0:00,mm,99.1,Definitivo
44035030,MACAGUAL [44035030],PRECIPITACION,Precipitacion total mensual,1/01/2023 0:00,mm,214.7,Definitivo
44035030,MACAGUAL [44035030],PRECIPITACION,Precipitacion total mensual,1/02/2023 0:00,mm,148.1,Definitivo
44035030,MACAGUAL [44035030],PRECIPITACION,Precipitacion total mensual,1/03/2023 0:00,mm,384.8,Definitivo
44035030,MACAGUAL [44035030],PRECIPITACION,Precipitacion total mensual,1/04/2023 0:00,mm,553.3,Definitivo
44035030,MACAGUAL [44035030],PRECIPITACION,Precipitacion total mensual,1/05/2023 0:00,mm,536.1,Definitivo
44035030,MACAGUAL [44035030],PRECIPITACION,Precipitacion total mensual,1/06/2023 0:00,mm,557.3,Definitivo
44035030,MACAGUAL [44035030],PRECIPITACION,Precipitacion total mensual,1/07/2023 0:00,mm,464.4,Definitivo
44035030,MACAGUAL [44035030],PRECIPITACION,Precipitacion total mensual,1/08/2023 0:00,mm,116.4,Definitivo
44035030,MACAGUAL [44035030],PRECIPITACION,Precipitacion total mensual,1/09/2023 0:00,mm,228.8,Definitivo
44035030,MACAGUAL [44035030],PRECIPITACION,Precipitacion total mensual,1/10/2023 0:00,mm,175.2,Definitivo
44035030,MACAGUAL [44035030],PRECIPITACION,Precipitacion total mensual,1/11/2023 0:00,mm,305.2,Definitivo
44035030,MACAGUAL [44035030],PRECIPITACION,Precipitacion total mensual,1/12/2023 0:00,mm,152.7,Definitivo
46035010,MAGUARE - AUT [46035010],PRECIPITACION,Precipitacion total mensual,1/01/2018 0:00,mm,140.7,Definitivo
46035010,MAGUARE - AUT [46035010],PRECIPITACION,Precipitacion total mensual,1/02/2018 0:00,mm,15.6,Definitivo
46035010,MAGUARE - AUT [46035010],PRECIPITACION,Precipitacion total mensual,1/03/2018 0:00,mm,211.5,Definitivo
46035010,MAGUARE - AUT [46035010],PRECIPITACION,Precipitacion total mensual,1/04/2018 0:00,mm,549.5,Definitivo
46035010,MAGUARE - AUT [46035010],PRECIPITACION,Precipitacion total mensual,1/05/2018 0:00,mm,404,Definitivo
46035010,MAGUARE - AUT [46035010],PRECIPITACION,Precipitacion total mensual,1/06/2018 0:00,mm,448.8,Definitivo
46035010,MAGUARE - AUT [46035010],PRECIPITACION,Precipitacion total mensual,1/07/2018 0:00,mm,216.6,Definitivo
46035010,MAGUARE - AUT [46035010],PRECIPITACION,Precipitacion total mensual,1/08/2018 0:00,mm,259.4,Definitivo
46035010,MAGUARE - AUT [46035010],PRECIPITACION,Precipitacion total mensual,1/09/2018 0:00,mm,123,Definitivo
46035010,MAGUARE - AUT [46035010],PRECIPITACION,Precipitacion total mensual,1/10/2018 0:00,mm,294.8,Definitivo
46035010,MAGUARE - AUT [46035010],PRECIPITACION,Precipitacion total mensual,1/11/2018 0:00,mm,123.8,Definitivo
46035010,MAGUARE - AUT [46035010],PRECIPITACION,Precipitacion total mensual,1/12/2018 0:00,mm,72,Definitivo
46035010,MAGUARE - AUT [46035010],PRECIPITACION,Precipitacion total mensual,1/01/2019 0:00,mm,133.5,Definitivo
46035010,MAGUARE - AUT [46035010],PRECIPITACION,Precipitacion total mensual,1/02/2019 0:00,mm,75.4,Definitivo
46035010,MAGUARE - AUT [46035010],PRECIPITACION,Precipitacion total mensual,1/03/2019 0:00,mm,507.6,Definitivo
46035010,MAGUARE - AUT [46035010],PRECIPITACION,Precipitacion total mensual,1/04/2019 0:00,mm,385.6,Definitivo
46035010,MAGUARE - AUT [46035010],PRECIPITACION,Precipitacion total mensual,1/07/2019 0:00,mm,296.2,Definitivo
46035010,MAGUARE - AUT [46035010],PRECIPITACION,Precipitacion total mensual,1/08/2019 0:00,mm,162.4,Definitivo
46035010,MAGUARE - AUT [46035010],PRECIPITACION,Precipitacion total mensual,1/09/2019 0:00,mm,285,Definitivo
46035010,MAGUARE - AUT [46035010],PRECIPITACION,Precipitacion total mensual,1/10/2019 0:00,mm,410.6,Definitivo
46035010,MAGUARE - AUT [46035010],PRECIPITACION,Precipitacion total mensual,1/11/2019 0:00,mm,286.4,Definitivo
46035010,MAGUARE - AUT [46035010],PRECIPITACION,Precipitacion total mensual,1/12/2019 0:00,mm,244.9,Definitivo
46035010,MAGUARE - AUT [46035010],PRECIPITACION,Precipitacion total mensual,1/01/2020 0:00,mm,50.3,Definitivo
46035010,MAGUARE - AUT [46035010],PRECIPITACION,Precipitacion total mensual,1/02/2020 0:00,mm,238.2,Definitivo
46035010,MAGUARE - AUT [46035010],PRECIPITACION,Precipitacion total mensual,1/03/2020 0:00,mm,158.5,Definitivo
46035010,MAGUARE - AUT [46035010],PRECIPITACION,Precipitacion total mensual,1/04/2020 0:00,mm,207,Definitivo
46035010,MAGUARE - AUT [46035010],PRECIPITACION,Precipitacion total mensual,1/05/2020 0:00,mm,464,Definitivo
46035010,MAGUARE - AUT [46035010],PRECIPITACION,Precipitacion total mensual,1/06/2020 0:00,mm,310.9,Definitivo
46035010,MAGUARE - AUT [46035010],PRECIPITACION,Precipitacion total mensual,1/07/2020 0:00,mm,319.1,Definitivo
46035010,MAGUARE - AUT [46035010],PRECIPITACION,Precipitacion total mensual,1/08/2020 0:00,mm,163.4,Definitivo
46035010,MAGUARE - AUT [46035010],PRECIPITACION,Precipitacion total mensual,1/09/2020 0:00,mm,105.9,Definitivo
46035010,MAGUARE - AUT [46035010],PRECIPITACION,Precipitacion total mensual,1/10/2020 0:00,mm,280.1,Definitivo
46035010,MAGUARE - AUT [46035010],PRECIPITACION,Precipitacion total mensual,1/11/2020 0:00,mm,323.7,Definitivo
46035010,MAGUARE - AUT [46035010],PRECIPITACION,Precipitacion total mensual,1/12/2020 0:00,mm,77.9,Definitivo
46035010,MAGUARE - AUT [46035010],PRECIPITACION,Precipitacion total mensual,1/01/2021 0:00,mm,135.8,Definitivo
46035010,MAGUARE - AUT [46035010],PRECIPITACION,Precipitacion total mensual,1/02/2021 0:00,mm,176,Definitivo
46035010,MAGUARE - AUT [46035010],PRECIPITACION,Precipitacion total mensual,1/03/2021 0:00,mm,281.2,Definitivo
46035010,MAGUARE - AUT [46035010],PRECIPITACION,Precipitacion total mensual,1/04/2021 0:00,mm,363.5,Definitivo
46035010,MAGUARE - AUT [46035010],PRECIPITACION,Precipitacion total mensual,1/05/2021 0:00,mm,526.4,Definitivo
46035010,MAGUARE - AUT [46035010],PRECIPITACION,Precipitacion total mensual,1/06/2021 0:00,mm,437.9,Definitivo
46035010,MAGUARE - AUT [46035010],PRECIPITACION,Precipitacion total mensual,1/07/2021 0:00,mm,413.2,Definitivo
46035010,MAGUARE - AUT [46035010],PRECIPITACION,Precipitacion total mensual,1/08/2021 0:00,mm,266.8,Definitivo
46035010,MAGUARE - AUT [46035010],PRECIPITACION,Precipitacion total mensual,1/09/2021 0:00,mm,260,Definitivo
46035010,MAGUARE - AUT [46035010],PRECIPITACION,Precipitacion total mensual,1/10/2021 0:00,mm,276,Definitivo
46035010,MAGUARE - AUT [46035010],PRECIPITACION,Precipitacion total mensual,1/11/2021 0:00,mm,135.9,Definitivo
46035010,MAGUARE - AUT [46035010],PRECIPITACION,Precipitacion total mensual,1/12/2021 0:00,mm,4.1,Definitivo
46035010,MAGUARE - AUT [46035010],PRECIPITACION,Precipitacion total mensual,1/01/2022 0:00,mm,61.5,Definitivo
46035010,MAGUARE - AUT [46035010],PRECIPITACION,Precipitacion total mensual,1/02/2022 0:00,mm,213.8,Definitivo
46035010,MAGUARE - AUT [46035010],PRECIPITACION,Precipitacion total mensual,1/03/2022 0:00,mm,357.7,Definitivo
46035010,MAGUARE - AUT [46035010],PRECIPITACION,Precipitacion total mensual,1/04/2022 0:00,mm,330.2,Definitivo
46035010,MAGUARE - AUT [46035010],PRECIPITACION,Precipitacion total mensual,1/05/2022 0:00,mm,436.3,Definitivo
46035010,MAGUARE - AUT [46035010],PRECIPITACION,Precipitacion total mensual,1/06/2022 0:00,mm,489.2,Definitivo
46035010,MAGUARE - AUT [46035010],PRECIPITACION,Precipitacion total mensual,1/07/2022 0:00,mm,246.2,Definitivo
46035010,MAGUARE - AUT [46035010],PRECIPITACION,Precipitacion total mensual,1/08/2022 0:00,mm,345.7,Definitivo
46035010,MAGUARE - AUT [46035010],PRECIPITACION,Precipitacion total mensual,1/09/2022 0:00,mm,333.2,Definitivo
46035010,MAGUARE - AUT [46035010],PRECIPITACION,Precipitacion total mensual,1/10/2022 0:00,mm,188.4,Definitivo
46035010,MAGUARE - AUT [46035010],PRECIPITACION,Precipitacion total mensual,1/11/2022 0:00,mm,145.8,Definitivo
46035010,MAGUARE - AUT [46035010],PRECIPITACION,Precipitacion total mensual,1/12/2022 0:00,mm,27.9,Definitivo
46035010,MAGUARE - AUT [46035010],PRECIPITACION,Precipitacion total mensual,1/01/2023 0:00,mm,102.6,Definitivo
46035010,MAGUARE - AUT [46035010],PRECIPITACION,Precipitacion total mensual,1/02/2023 0:00,mm,220.9,Definitivo
46035010,MAGUARE - AUT [46035010],PRECIPITACION,Precipitacion total mensual,1/03/2023 0:00,mm,195.7,Definitivo
46035010,MAGUARE - AUT [46035010],PRECIPITACION,Precipitacion total mensual,1/04/2023 0:00,mm,353.4,Definitivo
46035010,MAGUARE - AUT [46035010],PRECIPITACION,Precipitacion total mensual,1/05/2023 0:00,mm,329,Definitivo
46035010,MAGUARE - AUT [46035010],PRECIPITACION,Precipitacion total mensual,1/06/2023 0:00,mm,384.8,Definitivo
46035010,MAGUARE - AUT [46035010],PRECIPITACION,Precipitacion total mensual,1/07/2023 0:00,mm,318.9,Definitivo
46035010,MAGUARE - AUT [46035010],PRECIPITACION,Precipitacion total mensual,1/08/2023 0:00,mm,147.2,Definitivo
46035010,MAGUARE - AUT [46035010],PRECIPITACION,Precipitacion total mensual,1/09/2023 0:00,mm,234.4,Definitivo
46035010,MAGUARE - AUT [46035010],PRECIPITACION,Precipitacion total mensual,1/10/2023 0:00,mm,161,Definitivo
46035010,MAGUARE - AUT [46035010],PRECIPITACION,Precipitacion total mensual,1/11/2023 0:00,mm,170.6,Definitivo
46035010,MAGUARE - AUT [46035010],PRECIPITACION,Precipitacion total mensual,1/12/2023 0:00,mm,144.5,Definitivo
4403000112,MARACAIBO [4403000112],PRECIPITACION,Precipitacion total mensual,1/04/2019 0:00,mm,426,Preliminar
4403000112,MARACAIBO [4403000112],PRECIPITACION,Precipitacion total mensual,1/05/2019 0:00,mm,642,Preliminar
4403000112,MARACAIBO [4403000112],PRECIPITACION,Precipitacion total mensual,1/06/2019 0:00,mm,645,Preliminar
4403000112,MARACAIBO [4403000112],PRECIPITACION,Precipitacion total mensual,1/07/2019 0:00,mm,669,Preliminar
4403000112,MARACAIBO [4403000112],PRECIPITACION,Precipitacion total mensual,1/08/2019 0:00,mm,210,Preliminar
4403000112,MARACAIBO [4403000112],PRECIPITACION,Precipitacion total mensual,1/09/2019 0:00,mm,162,Preliminar
4403000112,MARACAIBO [4403000112],PRECIPITACION,Precipitacion total mensual,1/10/2019 0:00,mm,379,Preliminar
4403000112,MARACAIBO [4403000112],PRECIPITACION,Precipitacion total mensual,1/11/2019 0:00,mm,491,Preliminar
4403000112,MARACAIBO [4403000112],PRECIPITACION,Precipitacion total mensual,1/12/2019 0:00,mm,308,Preliminar
4403000112,MARACAIBO [4403000112],PRECIPITACION,Precipitacion total mensual,1/01/2020 0:00,mm,0,Preliminar
4403000112,MARACAIBO [4403000112],PRECIPITACION,Precipitacion total mensual,1/02/2020 0:00,mm,211,Preliminar
4403000112,MARACAIBO [4403000112],PRECIPITACION,Precipitacion total mensual,1/03/2020 0:00,mm,244,Preliminar
4403000112,MARACAIBO [4403000112],PRECIPITACION,Precipitacion total mensual,1/04/2020 0:00,mm,370,Preliminar
4403000112,MARACAIBO [4403000112],PRECIPITACION,Precipitacion total mensual,1/05/2020 0:00,mm,743,Preliminar
4403000112,MARACAIBO [4403000112],PRECIPITACION,Precipitacion total mensual,1/06/2020 0:00,mm,392,Preliminar
4403000112,MARACAIBO [4403000112],PRECIPITACION,Precipitacion total mensual,1/07/2020 0:00,mm,0,Preliminar
4403000112,MARACAIBO [4403000112],PRECIPITACION,Precipitacion total mensual,1/08/2020 0:00,mm,0,Preliminar
4403000112,MARACAIBO [4403000112],PRECIPITACION,Precipitacion total mensual,1/09/2020 0:00,mm,0,Preliminar
4403000112,MARACAIBO [4403000112],PRECIPITACION,Precipitacion total mensual,1/10/2020 0:00,mm,0,Preliminar
4403000112,MARACAIBO [4403000112],PRECIPITACION,Precipitacion total mensual,1/11/2020 0:00,mm,0,Preliminar
4403000112,MARACAIBO [4403000112],PRECIPITACION,Precipitacion total mensual,1/12/2020 0:00,mm,0,Preliminar
4403000112,MARACAIBO [4403000112],PRECIPITACION,Precipitacion total mensual,1/01/2021 0:00,mm,0,Preliminar
4403000112,MARACAIBO [4403000112],PRECIPITACION,Precipitacion total mensual,1/02/2021 0:00,mm,0,Preliminar
4403000112,MARACAIBO [4403000112],PRECIPITACION,Precipitacion total mensual,1/03/2021 0:00,mm,0,Preliminar
4403000112,MARACAIBO [4403000112],PRECIPITACION,Precipitacion total mensual,1/04/2021 0:00,mm,0,Preliminar
4403000112,MARACAIBO [4403000112],PRECIPITACION,Precipitacion total mensual,1/05/2021 0:00,mm,0,Preliminar
4403000112,MARACAIBO [4403000112],PRECIPITACION,Precipitacion total mensual,1/06/2021 0:00,mm,0,Preliminar
4403000112,MARACAIBO [4403000112],PRECIPITACION,Precipitacion total mensual,1/07/2021 0:00,mm,0,Preliminar
4403000112,MARACAIBO [4403000112],PRECIPITACION,Precipitacion total mensual,1/08/2021 0:00,mm,0,Preliminar
4403000112,MARACAIBO [4403000112],PRECIPITACION,Precipitacion total mensual,1/09/2021 0:00,mm,0,Preliminar
4403000112,MARACAIBO [4403000112],PRECIPITACION,Precipitacion total mensual,1/10/2021 0:00,mm,0,Preliminar
4403000112,MARACAIBO [4403000112],PRECIPITACION,Precipitacion total mensual,1/11/2021 0:00,mm,0,Preliminar
4403000112,MARACAIBO [4403000112],PRECIPITACION,Precipitacion total mensual,1/12/2021 0:00,mm,0,Preliminar
4403000112,MARACAIBO [4403000112],PRECIPITACION,Precipitacion total mensual,1/01/2022 0:00,mm,0,Preliminar
4403000112,MARACAIBO [4403000112],PRECIPITACION,Precipitacion total mensual,1/02/2022 0:00,mm,0,Preliminar
4403000112,MARACAIBO [4403000112],PRECIPITACION,Precipitacion total mensual,1/03/2022 0:00,mm,0,Preliminar
4403000112,MARACAIBO [4403000112],PRECIPITACION,Precipitacion total mensual,1/04/2022 0:00,mm,0,Preliminar
4403000112,MARACAIBO [4403000112],PRECIPITACION,Precipitacion total mensual,1/05/2022 0:00,mm,0,Preliminar
4403000112,MARACAIBO [4403000112],PRECIPITACION,Precipitacion total mensual,1/06/2022 0:00,mm,535,Definitivo
4403000112,MARACAIBO [4403000112],PRECIPITACION,Precipitacion total mensual,1/07/2022 0:00,mm,530,Definitivo
4403000112,MARACAIBO [4403000112],PRECIPITACION,Precipitacion total mensual,1/08/2022 0:00,mm,511,Definitivo
4403000112,MARACAIBO [4403000112],PRECIPITACION,Precipitacion total mensual,1/09/2022 0:00,mm,270,Definitivo
4403000112,MARACAIBO [4403000112],PRECIPITACION,Precipitacion total mensual,1/10/2022 0:00,mm,253,Definitivo
4403000112,MARACAIBO [4403000112],PRECIPITACION,Precipitacion total mensual,1/11/2022 0:00,mm,241,Definitivo
4403000112,MARACAIBO [4403000112],PRECIPITACION,Precipitacion total mensual,1/12/2022 0:00,mm,29,Definitivo
4403000112,MARACAIBO [4403000112],PRECIPITACION,Precipitacion total mensual,1/01/2023 0:00,mm,285,Definitivo
4403000112,MARACAIBO [4403000112],PRECIPITACION,Precipitacion total mensual,1/02/2023 0:00,mm,196,Definitivo
4403000112,MARACAIBO [4403000112],PRECIPITACION,Precipitacion total mensual,1/03/2023 0:00,mm,0,Definitivo
4403000112,MARACAIBO [4403000112],PRECIPITACION,Precipitacion total mensual,1/04/2023 0:00,mm,0,Definitivo
4403000112,MARACAIBO [4403000112],PRECIPITACION,Precipitacion total mensual,1/05/2023 0:00,mm,0,Definitivo
4403000112,MARACAIBO [4403000112],PRECIPITACION,Precipitacion total mensual,1/06/2023 0:00,mm,639,Definitivo
4403000112,MARACAIBO [4403000112],PRECIPITACION,Precipitacion total mensual,1/07/2023 0:00,mm,573,Definitivo
4403000112,MARACAIBO [4403000112],PRECIPITACION,Precipitacion total mensual,1/08/2023 0:00,mm,0,Preliminar
4403000112,MARACAIBO [4403000112],PRECIPITACION,Precipitacion total mensual,1/09/2023 0:00,mm,0,Preliminar
4403000112,MARACAIBO [4403000112],PRECIPITACION,Precipitacion total mensual,1/10/2023 0:00,mm,189,Definitivo
4403000112,MARACAIBO [4403000112],PRECIPITACION,Precipitacion total mensual,1/11/2023 0:00,mm,133,Definitivo
4403000112,MARACAIBO [4403000112],PRECIPITACION,Precipitacion total mensual,1/12/2023 0:00,mm,133,Definitivo
